-- phpMyAdmin SQL Dump
-- version 5.2.1
-- https://www.phpmyadmin.net/
--
-- Hôte : 127.0.0.1:3306
-- Généré le : jeu. 27 juin 2024 à 20:03
-- Version du serveur : 8.3.0
-- Version de PHP : 8.2.18

SET SQL_MODE = "NO_AUTO_VALUE_ON_ZERO";
START TRANSACTION;
SET time_zone = "+00:00";


/*!40101 SET @OLD_CHARACTER_SET_CLIENT=@@CHARACTER_SET_CLIENT */;
/*!40101 SET @OLD_CHARACTER_SET_RESULTS=@@CHARACTER_SET_RESULTS */;
/*!40101 SET @OLD_COLLATION_CONNECTION=@@COLLATION_CONNECTION */;
/*!40101 SET NAMES utf8mb4 */;

--
-- Base de données : `tifosi`
--

-- --------------------------------------------------------

--
-- Structure de la table `achete`
--

DROP TABLE IF EXISTS `achete`;
CREATE TABLE IF NOT EXISTS `achete` (
  `id_client` int NOT NULL,
  `id_focaccia` int NOT NULL,
  `jour` date NOT NULL,
  KEY `achete_client` (`id_client`),
  KEY `achete_focaccia` (`id_focaccia`)
) ENGINE=InnoDB DEFAULT CHARSET=utf8mb4 COLLATE=utf8mb4_bin;

-- --------------------------------------------------------

--
-- Structure de la table `appartient`
--

DROP TABLE IF EXISTS `appartient`;
CREATE TABLE IF NOT EXISTS `appartient` (
  `id_boisson` int NOT NULL,
  `id_marque` int NOT NULL,
  KEY `appartient_boisson` (`id_boisson`),
  KEY `appartient_marque` (`id_marque`)
) ENGINE=InnoDB DEFAULT CHARSET=utf8mb4 COLLATE=utf8mb4_bin;

--
-- Déchargement des données de la table `appartient`
--

INSERT INTO `appartient` (`id_boisson`, `id_marque`) VALUES
(1, 1),
(2, 1),
(3, 1),
(4, 1),
(5, 1),
(6, 4),
(7, 4),
(8, 4),
(9, 4),
(10, 3),
(11, 3),
(12, 2);

-- --------------------------------------------------------

--
-- Structure de la table `boisson`
--

DROP TABLE IF EXISTS `boisson`;
CREATE TABLE IF NOT EXISTS `boisson` (
  `id_boisson` int NOT NULL AUTO_INCREMENT,
  `nom_boisson` varchar(45) COLLATE utf8mb4_bin NOT NULL,
  PRIMARY KEY (`id_boisson`)
) ENGINE=InnoDB AUTO_INCREMENT=13 DEFAULT CHARSET=utf8mb4 COLLATE=utf8mb4_bin;

--
-- Déchargement des données de la table `boisson`
--

INSERT INTO `boisson` (`id_boisson`, `nom_boisson`) VALUES
(1, 'Coca-cola zéro'),
(2, 'Coca-cola original'),
(3, 'Fanta citron'),
(4, 'Fanta orange'),
(5, 'Capri-sun'),
(6, 'Pepsi'),
(7, 'Pepsi Max Zéro'),
(8, 'Lipton zéro citron'),
(9, 'Lipton Peach'),
(10, 'Monster energy ultra gold'),
(11, 'Monster energy ultra blue'),
(12, 'Eau de source ');

-- --------------------------------------------------------

--
-- Structure de la table `client`
--

DROP TABLE IF EXISTS `client`;
CREATE TABLE IF NOT EXISTS `client` (
  `id_client` int NOT NULL AUTO_INCREMENT,
  `nom_client` varchar(45) COLLATE utf8mb4_bin NOT NULL,
  `age` int NOT NULL,
  `cp_client` int NOT NULL,
  PRIMARY KEY (`id_client`)
) ENGINE=InnoDB DEFAULT CHARSET=utf8mb4 COLLATE=utf8mb4_bin;

-- --------------------------------------------------------

--
-- Structure de la table `comprend`
--

DROP TABLE IF EXISTS `comprend`;
CREATE TABLE IF NOT EXISTS `comprend` (
  `id_focaccia` int NOT NULL,
  `id_ingredient` int NOT NULL,
  KEY `comprend_focaccia` (`id_focaccia`),
  KEY `comprend_ingredient` (`id_ingredient`)
) ENGINE=InnoDB DEFAULT CHARSET=utf8mb4 COLLATE=utf8mb4_bin;

--
-- Déchargement des données de la table `comprend`
--

INSERT INTO `comprend` (`id_focaccia`, `id_ingredient`) VALUES
(1, 5),
(1, 9),
(1, 13),
(1, 1),
(1, 3),
(1, 7),
(1, 18),
(1, 20),
(1, 16),
(1, 25),
(2, 5),
(2, 11),
(2, 9),
(2, 1),
(2, 7),
(2, 18),
(2, 20),
(2, 16),
(3, 5),
(3, 22),
(3, 9),
(3, 1),
(3, 7),
(3, 18),
(3, 20),
(4, 6),
(4, 10),
(4, 9),
(4, 7),
(4, 18),
(4, 20),
(4, 15),
(5, 5),
(5, 25),
(5, 9),
(5, 12),
(5, 7),
(5, 18),
(5, 20),
(5, 16),
(5, 17),
(6, 5),
(6, 25),
(6, 9),
(6, 4),
(6, 2),
(6, 19),
(6, 18),
(6, 20),
(6, 16),
(7, 5),
(7, 25),
(7, 9),
(7, 4),
(7, 21),
(7, 18),
(7, 20),
(7, 16),
(8, 6),
(8, 8),
(8, 9),
(8, 21),
(8, 13),
(8, 1),
(8, 3),
(8, 7),
(8, 18),
(8, 20),
(8, 16),
(8, 14);

-- --------------------------------------------------------

--
-- Structure de la table `contient`
--

DROP TABLE IF EXISTS `contient`;
CREATE TABLE IF NOT EXISTS `contient` (
  `id_menu` int NOT NULL,
  `id_boisson` int NOT NULL,
  KEY `contient_menu` (`id_menu`),
  KEY `contient_boisson` (`id_boisson`)
) ENGINE=InnoDB DEFAULT CHARSET=utf8mb4 COLLATE=utf8mb4_bin;

-- --------------------------------------------------------

--
-- Structure de la table `est constitué`
--

DROP TABLE IF EXISTS `est constitué`;
CREATE TABLE IF NOT EXISTS `est constitué` (
  `id_menu` int NOT NULL,
  `id_focaccia` int NOT NULL,
  KEY `estconstitue_menu` (`id_menu`),
  KEY `estconstitue_focaccia` (`id_focaccia`)
) ENGINE=InnoDB DEFAULT CHARSET=utf8mb4 COLLATE=utf8mb4_bin;

-- --------------------------------------------------------

--
-- Structure de la table `focaccia`
--

DROP TABLE IF EXISTS `focaccia`;
CREATE TABLE IF NOT EXISTS `focaccia` (
  `id_focaccia` int NOT NULL AUTO_INCREMENT,
  `nom_focaccia` varchar(45) COLLATE utf8mb4_bin NOT NULL,
  `prix_focaccia` float NOT NULL,
  PRIMARY KEY (`id_focaccia`)
) ENGINE=InnoDB AUTO_INCREMENT=9 DEFAULT CHARSET=utf8mb4 COLLATE=utf8mb4_bin;

--
-- Déchargement des données de la table `focaccia`
--

INSERT INTO `focaccia` (`id_focaccia`, `nom_focaccia`, `prix_focaccia`) VALUES
(1, 'Mozaccia', 9.8),
(2, 'Gorgonzollaccia', 10.8),
(3, 'Raclaccia', 8.9),
(4, 'Emmentalaccia', 9.8),
(5, 'Tradizione', 8.9),
(6, 'Hawaienne', 11.2),
(7, 'Américaine', 10.8),
(8, 'Paysanne', 12.8);

-- --------------------------------------------------------

--
-- Structure de la table `ingredient`
--

DROP TABLE IF EXISTS `ingredient`;
CREATE TABLE IF NOT EXISTS `ingredient` (
  `id_ingredient` int NOT NULL AUTO_INCREMENT,
  `nom_ingredient` varchar(45) COLLATE utf8mb4_bin NOT NULL,
  PRIMARY KEY (`id_ingredient`)
) ENGINE=InnoDB AUTO_INCREMENT=26 DEFAULT CHARSET=utf8mb4 COLLATE=utf8mb4_bin;

--
-- Déchargement des données de la table `ingredient`
--

INSERT INTO `ingredient` (`id_ingredient`, `nom_ingredient`) VALUES
(1, 'Ail'),
(2, 'Ananas'),
(3, 'Artichaut'),
(4, 'Bacon'),
(5, 'Base Tomate'),
(6, 'Base crème'),
(7, 'Champignon'),
(8, 'Chevre'),
(9, 'Cresson'),
(10, 'Emmental'),
(11, 'Gorgonzola'),
(12, 'Jambon cuit'),
(13, 'Jambon fumé'),
(14, 'Oeuf'),
(15, 'Oignon'),
(16, 'Olive noire'),
(17, 'Olive verte'),
(18, 'Parmesan'),
(19, 'Piment'),
(20, 'Poivre'),
(21, 'Pomme de terre'),
(22, 'Raclette'),
(23, 'Salami'),
(24, 'Tomate cerise'),
(25, 'Mozarella');

-- --------------------------------------------------------

--
-- Structure de la table `marque`
--

DROP TABLE IF EXISTS `marque`;
CREATE TABLE IF NOT EXISTS `marque` (
  `id_marque` int NOT NULL AUTO_INCREMENT,
  `nom_marque` varchar(45) COLLATE utf8mb4_bin NOT NULL,
  PRIMARY KEY (`id_marque`)
) ENGINE=InnoDB AUTO_INCREMENT=5 DEFAULT CHARSET=utf8mb4 COLLATE=utf8mb4_bin;

--
-- Déchargement des données de la table `marque`
--

INSERT INTO `marque` (`id_marque`, `nom_marque`) VALUES
(1, 'Coca-cola'),
(2, 'Cristalline'),
(3, 'Monster'),
(4, 'Pepsico');

-- --------------------------------------------------------

--
-- Structure de la table `menu`
--

DROP TABLE IF EXISTS `menu`;
CREATE TABLE IF NOT EXISTS `menu` (
  `id_menu` int NOT NULL AUTO_INCREMENT,
  `nom_menu` varchar(45) COLLATE utf8mb4_bin NOT NULL,
  `prix_menu` float NOT NULL,
  PRIMARY KEY (`id_menu`)
) ENGINE=InnoDB DEFAULT CHARSET=utf8mb4 COLLATE=utf8mb4_bin;

-- --------------------------------------------------------

--
-- Structure de la table `paye`
--

DROP TABLE IF EXISTS `paye`;
CREATE TABLE IF NOT EXISTS `paye` (
  `id_client` int NOT NULL,
  `id_menu` int NOT NULL,
  `jour` date NOT NULL,
  KEY `paye_client` (`id_client`),
  KEY `paye_menu` (`id_menu`)
) ENGINE=InnoDB DEFAULT CHARSET=utf8mb4 COLLATE=utf8mb4_bin;

--
-- Contraintes pour les tables déchargées
--

--
-- Contraintes pour la table `comprend`
--
ALTER TABLE `comprend`
  ADD CONSTRAINT `comprend_focaccia` FOREIGN KEY (`id_focaccia`) REFERENCES `focaccia` (`id_focaccia`) ON DELETE RESTRICT ON UPDATE RESTRICT,
  ADD CONSTRAINT `comprend_ingredient` FOREIGN KEY (`id_ingredient`) REFERENCES `ingredient` (`id_ingredient`) ON DELETE RESTRICT ON UPDATE RESTRICT;

--
-- Contraintes pour la table `contient`
--
ALTER TABLE `contient`
  ADD CONSTRAINT `contient_boisson` FOREIGN KEY (`id_boisson`) REFERENCES `boisson` (`id_boisson`) ON DELETE RESTRICT ON UPDATE RESTRICT,
  ADD CONSTRAINT `contient_menu` FOREIGN KEY (`id_menu`) REFERENCES `menu` (`id_menu`) ON DELETE RESTRICT ON UPDATE RESTRICT;

--
-- Contraintes pour la table `est constitué`
--
ALTER TABLE `est constitué`
  ADD CONSTRAINT `estconstitue_focaccia` FOREIGN KEY (`id_focaccia`) REFERENCES `focaccia` (`id_focaccia`) ON DELETE RESTRICT ON UPDATE RESTRICT,
  ADD CONSTRAINT `estconstitue_menu` FOREIGN KEY (`id_menu`) REFERENCES `menu` (`id_menu`) ON DELETE RESTRICT ON UPDATE RESTRICT;

--
-- Contraintes pour la table `paye`
--
ALTER TABLE `paye`
  ADD CONSTRAINT `paye_client` FOREIGN KEY (`id_client`) REFERENCES `client` (`id_client`) ON DELETE RESTRICT ON UPDATE RESTRICT,
  ADD CONSTRAINT `paye_menu` FOREIGN KEY (`id_menu`) REFERENCES `menu` (`id_menu`) ON DELETE RESTRICT ON UPDATE RESTRICT;
COMMIT;

/*!40101 SET CHARACTER_SET_CLIENT=@OLD_CHARACTER_SET_CLIENT */;
/*!40101 SET CHARACTER_SET_RESULTS=@OLD_CHARACTER_SET_RESULTS */;
/*!40101 SET COLLATION_CONNECTION=@OLD_COLLATION_CONNECTION */;
